salary,experience,satisfaction,overtime_hours,performance_score,tenure_years,attrition_status
5993,8,50,1,75,6,Yes
5130,10,75,0,95,10,No
2090,7,100,1,75,0,Yes
2909,8,100,1,75,8,No
3468,6,25,0,75,2,No
3068,8,100,0,75,7,No
2670,12,75,1,95,1,No
2693,1,100,0,95,1,No
9526,10,100,0,95,9,No
5237,17,75,0,75,7,No
2426,6,25,0,75,5,No
4193,10,100,1,75,9,No
2911,5,25,0,75,5,No
2661,3,50,0,75,2,No
2028,6,75,1,75,4,Yes
9980,10,50,0,75,10,No
3298,7,25,1,75,6,No
2935,1,100,1,75,1,No
15427,31,25,0,75,25,No
3944,6,100,1,75,3,No
4011,5,25,0,75,4,No
3407,10,75,0,95,5,Yes
11994,13,25,0,75,12,No
1232,0,75,0,75,0,No
2960,8,50,0,75,4,Yes
19094,26,75,0,75,14,No
3919,10,50,1,95,10,Yes
6825,10,75,0,75,9,No
10248,24,25,0,75,22,No
18947,22,50,0,75,2,No
2496,7,75,0,75,1,No
6465,9,100,1,75,4,No
2206,10,100,0,75,10,No
2086,19,100,0,75,1,Yes
2293,6,50,1,75,2,Yes
2645,6,100,0,75,5,No
2683,3,25,1,75,3,Yes
2014,2,100,0,75,2,No
3419,6,50,1,75,1,No
5376,10,75,0,75,5,No
1951,1,75,0,75,1,No
2341,1,100,0,75,1,No
2293,1,25,0,75,1,Yes
8726,9,100,0,75,9,No
4011,12,75,0,95,12,No
19545,23,50,0,75,22,Yes
4568,10,50,0,95,9,No
3022,8,50,0,95,1,No
5772,14,25,1,95,9,No
2269,1,100,0,75,1,No
5381,23,25,1,75,1,Yes
3441,2,75,1,75,2,Yes
5454,9,50,1,95,4,No
9884,10,75,1,75,4,No
4157,5,75,1,75,2,No
13458,15,25,1,75,15,No
9069,9,50,0,95,9,No
4014,4,75,1,75,2,No
5915,10,100,0,95,7,No
5993,7,25,0,75,7,No
6162,9,25,1,95,9,No
2406,10,100,0,75,10,No
18740,29,50,1,75,27,No
7637,28,25,0,75,21,No
10096,17,75,0,75,17,No
14756,21,100,1,75,5,No
6499,6,50,0,75,6,No
9724,25,50,0,75,1,No
2194,5,50,0,75,3,No
3388,2,100,1,75,1,Yes
5473,20,25,0,75,4,No
2703,6,75,0,95,5,No
2501,1,75,0,75,1,No
6220,10,50,0,75,10,No
3038,5,50,0,75,1,No
4424,11,75,0,95,11,No
4312,16,75,0,75,15,No
13245,17,100,1,75,0,No
13664,16,25,0,75,5,No
5021,16,50,1,95,4,No
5126,10,100,1,75,10,No
2859,6,50,0,75,6,No
10239,24,25,0,75,1,No
5329,17,50,1,75,13,No
4325,5,25,0,75,5,No
7260,37,100,0,75,6,No
2322,3,75,0,75,0,No
2075,10,100,0,95,4,No
4152,11,75,0,75,11,No
9619,9,75,0,75,9,Yes
13503,22,75,0,95,22,No
5441,11,75,1,95,10,No
5209,11,75,1,75,11,No
10673,21,75,1,75,10,No
5010,12,50,0,75,11,No
13549,16,25,0,75,4,No
4999,4,25,0,95,3,No
4221,5,50,0,75,5,No
13872,38,100,0,75,37,No
2042,17,50,0,75,3,No
2073,7,75,1,95,3,Yes
2956,1,100,0,75,1,No
2926,1,100,1,75,1,Yes
4809,16,25,0,75,16,No
5163,17,75,0,75,1,No
18844,30,75,0,95,3,No
18172,28,25,1,75,8,No
5744,6,75,1,75,6,Yes
2889,2,100,0,75,2,No
2871,1,50,0,75,0,No
7484,23,25,0,95,13,No
6074,9,25,1,95,9,Yes
17328,23,100,1,75,5,No
2774,6,50,0,75,5,No
4505,12,75,0,75,1,No
7428,12,75,0,75,5,No
11631,14,75,0,75,11,No
9738,10,50,0,75,9,No
2835,7,25,0,95,1,No
16959,25,75,1,75,25,No
2613,10,25,0,95,10,No
6146,8,75,0,75,7,No
4963,7,50,1,75,5,Yes
19537,23,25,0,75,20,No
6172,12,50,1,75,7,Yes
2368,5,75,0,75,5,No
10312,40,100,0,75,40,Yes
1675,0,100,1,75,0,Yes
2523,3,75,0,75,2,No
6567,16,75,0,75,15,No
4739,18,50,0,75,3,No
9208,16,75,0,75,2,No
4559,4,50,1,75,2,Yes
8189,12,75,1,75,9,No
2942,8,75,0,95,8,No
4941,7,50,0,95,3,No
10650,18,25,0,75,4,Yes
5902,17,100,0,75,15,No
8639,6,25,0,75,2,No
6347,12,75,1,75,11,No
4200,10,25,0,95,5,Yes
3452,9,75,0,75,6,No
4317,19,100,1,95,3,No
2632,5,25,0,75,5,No
4668,9,100,0,75,8,No
3204,8,100,0,75,3,No
2720,6,50,0,75,5,No
17181,21,100,0,75,7,No
2238,7,75,0,95,5,No
1483,1,50,0,75,1,No
5605,20,50,0,75,20,No
7295,10,75,0,75,10,No
2306,13,50,1,95,7,No
2348,20,50,0,75,17,No
8998,9,50,0,75,9,No
4319,10,100,0,75,10,No
6132,10,50,0,75,1,No
3346,9,50,1,95,1,No
10855,15,75,0,75,12,No
2231,6,75,0,75,4,No
2323,2,75,0,95,2,No
2024,6,100,0,75,2,No
2713,5,75,0,75,5,No
9439,12,75,1,75,5,No
2566,1,75,1,75,1,No
19926,21,75,0,75,5,No
2451,13,25,0,75,9,No
9419,12,50,0,75,10,No
8686,12,25,0,95,8,No
3038,8,75,0,95,5,No
3058,6,75,1,75,5,No
2325,1,75,0,95,0,Yes
2088,13,100,0,75,8,No
3072,12,75,0,75,12,No
5006,9,75,1,75,5,No
4257,19,75,1,75,2,No
2500,4,75,0,75,3,No
1102,1,50,0,95,1,Yes
10453,24,50,0,95,24,No
2288,2,75,0,75,2,No
3929,7,75,1,95,4,No
2311,9,100,0,75,3,No
3140,4,50,1,95,4,Yes
3690,5,75,0,75,3,No
4450,5,100,0,75,4,No
2756,8,100,0,75,8,No
19033,21,100,0,75,20,No
18722,36,75,0,75,24,No
9547,10,100,0,75,10,No
13734,21,100,0,75,7,No
19999,34,75,0,75,33,No
2279,7,100,0,75,7,No
5916,8,50,1,75,1,Yes
2089,7,100,0,75,5,No
16792,22,25,0,95,20,No
3564,8,50,1,75,8,No
4425,10,50,0,75,6,No
5265,11,75,0,75,5,No
6553,14,100,0,75,1,No
6261,9,100,0,75,7,No
4298,6,75,0,75,2,No
6804,7,100,1,75,7,No
3815,5,100,1,75,5,No
2741,15,75,1,75,7,No
6673,17,50,1,75,1,Yes
7639,10,50,0,95,10,Yes
2328,4,100,1,75,4,No
2153,8,50,0,75,8,No
4876,5,100,0,75,3,No
9396,17,100,0,75,4,No
10400,14,100,0,75,14,Yes
8474,12,75,0,95,11,No
9981,7,100,0,75,7,No
12490,16,50,0,75,10,No
2657,8,100,1,75,5,Yes
13591,16,100,1,75,1,No
6696,9,75,0,75,6,Yes
2058,7,75,0,75,6,Yes
8865,23,100,0,75,19,No
5940,16,100,0,75,6,No
5914,16,100,0,75,13,No
2622,7,75,0,95,3,No
12185,10,50,1,75,10,No
10609,17,25,0,75,16,No
4345,6,75,0,75,5,No
2177,7,75,0,75,1,No
2793,13,25,0,75,9,No
7918,11,50,0,75,11,No
8789,10,75,0,75,10,No
2389,4,75,1,75,4,Yes
3212,6,75,0,75,2,No
19232,22,75,0,75,22,No
2267,7,50,0,75,2,No
19517,32,100,0,75,7,No
2436,8,75,1,75,5,Yes
16064,22,100,1,95,17,No
2707,13,25,0,95,9,Yes
19068,33,25,1,75,33,No
3931,6,75,0,75,4,No
3730,4,100,1,75,3,Yes
2232,7,75,0,75,3,No
4465,4,75,0,75,3,No
3072,17,75,0,75,1,No
3319,9,25,0,75,9,No
19202,25,75,0,75,24,No
13675,9,50,0,75,2,No
2911,2,75,0,75,2,No
5957,13,100,0,75,11,No
3920,17,75,0,75,3,No
6434,9,25,0,75,3,No
10048,17,25,0,75,1,Yes
10938,20,75,0,95,19,No
2340,6,75,0,75,6,No
6545,10,100,1,75,3,No
6931,10,100,0,75,3,No
4898,5,25,0,75,4,No
2593,10,100,1,75,9,No
19436,22,25,0,75,21,No
2723,1,75,0,75,1,No
3479,6,75,0,75,5,Yes
2794,5,50,0,95,5,No
5249,13,100,0,75,8,No
2176,9,100,0,75,6,No
16872,28,75,1,75,7,No
3485,5,25,0,75,0,Yes
6644,10,25,0,75,0,No
5582,10,50,0,95,9,No
4000,6,50,0,75,6,No
13496,21,75,1,75,20,No
3210,16,100,0,75,15,No
19045,37,100,1,75,36,No
11849,10,25,1,75,10,Yes
2070,5,100,0,95,5,No
6502,7,75,0,75,5,No
3230,3,100,0,75,3,No
13603,15,25,1,75,5,No
11996,10,50,0,75,7,No
5605,8,25,1,95,8,No
6397,6,75,0,95,6,No
19144,28,25,0,75,10,No
17584,21,75,1,75,5,No
4907,20,50,0,95,20,No
4554,10,50,0,75,10,No
5415,12,50,1,75,10,No
4741,5,25,1,75,5,No
2115,17,100,0,75,17,No
3161,19,100,1,95,1,Yes
5745,10,100,0,75,2,No
2373,5,25,1,75,3,Yes
3310,5,100,0,95,5,No
18665,22,75,1,75,3,No
4485,10,75,0,75,8,No
2789,2,100,0,75,2,No
5828,8,100,1,75,8,Yes
2326,4,50,1,75,4,No
13525,23,75,0,75,20,No
1420,0,75,0,75,0,Yes
8020,12,75,0,75,11,No
3688,4,75,0,75,1,No
5482,13,100,0,75,4,No
16015,22,100,0,75,22,No
1200,0,100,0,75,0,No
5661,9,50,0,75,8,No
6929,10,50,0,75,8,No
9613,19,75,0,75,18,No
5674,11,50,0,75,9,No
5484,13,100,0,75,13,No
12061,19,25,0,75,10,No
5660,12,100,1,75,5,No
4821,6,75,1,75,5,No
6410,9,25,0,75,2,No
5210,24,25,0,75,24,No
2695,3,75,1,75,2,No
11878,12,100,0,75,10,No
17068,21,75,1,75,21,No
2455,9,75,0,75,8,No
13964,25,75,1,75,7,No
4941,11,75,0,75,8,Yes
2478,4,75,1,75,4,No
5228,13,75,1,75,13,No
4478,5,100,1,75,5,No
7547,13,100,0,75,7,No
5055,10,25,0,75,7,No
3464,5,25,1,75,3,Yes
5775,11,100,0,75,10,No
8943,10,75,0,95,10,No
19272,21,75,0,75,21,No
5238,12,100,1,75,1,Yes
4682,9,50,0,75,7,No
18300,21,100,0,75,3,No
5257,9,75,0,75,9,No
6349,6,75,1,75,5,No
4869,20,100,0,75,4,No
9985,10,75,0,75,1,No
3697,12,100,0,75,10,No
7457,6,50,1,95,4,No
2119,7,50,1,75,7,Yes
3983,4,50,0,75,3,No
6118,10,100,0,75,10,No
6214,8,50,0,75,8,No
6347,8,100,0,75,6,No
11510,12,75,1,75,11,No
7143,11,75,1,75,11,No
8268,7,100,1,75,7,No
8095,17,75,0,75,16,No
2904,4,75,0,75,4,No
6032,8,100,1,75,5,No
2976,5,50,0,75,0,No
15992,16,25,0,75,1,No
4649,4,100,0,75,4,No
2696,4,75,1,75,3,No
2370,8,75,0,75,8,No
12504,15,25,0,95,0,No
5974,13,75,1,75,7,No
4736,4,100,1,75,2,No
5296,8,75,0,75,8,No
6781,14,25,0,95,1,No
2174,3,25,1,75,3,Yes
6653,7,100,0,75,1,No
9699,16,25,0,75,13,No
6755,15,100,0,75,3,No
2213,10,100,1,75,7,No
2610,3,25,0,95,3,No
2851,1,100,1,75,1,Yes
3452,17,75,0,95,5,No
5258,7,75,0,75,1,No
9355,8,25,0,75,8,Yes
10496,20,100,0,75,4,No
6380,8,75,1,75,6,Yes
2657,3,75,1,75,2,No
2716,1,75,0,75,1,Yes
2201,6,100,0,75,3,No
6540,10,75,0,75,1,No
3816,5,100,0,75,5,No
5253,7,50,0,75,7,No
10965,26,50,0,95,5,No
4936,18,75,0,75,7,No
2543,6,100,0,75,2,No
5304,9,25,1,75,5,Yes
16659,30,75,1,75,5,No
4260,5,100,1,75,5,No
2476,1,75,0,75,1,No
3102,7,75,0,95,6,Yes
2244,2,25,0,75,2,No
7596,10,50,0,75,10,No
2285,3,75,1,95,1,Yes
3034,18,100,0,75,18,No
5715,8,100,0,75,5,No
2576,8,50,0,75,5,No
4197,18,75,1,75,1,No
14336,25,25,0,75,25,No
3448,20,50,0,95,1,No
19406,24,25,0,75,4,No
6538,6,75,0,75,3,No
4306,13,50,0,75,13,No
2258,8,100,0,95,3,No
4522,8,75,1,75,5,No
4487,5,50,1,75,5,No
4449,15,50,1,75,13,No
2218,4,100,0,75,4,No
19197,21,50,1,75,21,No
13212,36,75,0,75,7,No
6577,6,50,0,75,5,No
8392,10,50,0,75,10,No
4558,10,75,0,75,10,No
4031,6,25,0,75,2,Yes
7969,28,100,1,75,5,No
2654,8,25,0,95,2,No
16555,31,100,0,75,5,No
4556,19,25,0,75,5,No
6091,11,75,0,95,5,No
19566,33,25,0,75,29,No
4810,19,75,0,75,10,No
4523,7,100,0,75,6,No
3202,6,25,1,75,5,Yes
2351,3,100,0,75,2,Yes
1702,1,100,1,95,1,No
18041,21,75,0,75,20,No
2886,3,25,0,95,3,No
2097,9,75,0,75,5,No
11935,10,50,0,75,10,No
2546,6,75,0,75,2,Yes
2564,1,25,0,75,1,Yes
8412,10,75,0,75,9,No
14118,32,25,0,75,1,No
17046,28,50,0,75,27,No
2564,12,75,0,75,11,No
10266,22,75,0,75,18,No
5070,20,25,0,75,5,No
17861,26,25,0,75,3,No
4230,6,100,0,75,5,No
3780,19,75,0,75,1,No
2768,14,100,0,75,7,No
9071,15,75,1,75,3,No
10648,13,75,0,95,13,No
13610,15,50,1,75,7,Yes
3408,8,25,0,75,4,Yes
2983,4,100,0,75,3,No
7632,10,100,1,75,8,No
9824,12,25,0,75,1,Yes
9950,11,50,1,75,3,Yes
2093,8,50,0,75,2,No
9980,10,50,0,75,10,No
3894,4,75,0,75,2,Yes
4051,14,50,0,75,9,No
16835,37,25,0,95,10,No
6230,16,100,0,75,14,No
4717,15,50,0,75,11,No
13237,22,50,0,75,20,No
3755,8,75,0,75,8,No
6582,10,50,1,75,6,No
7406,10,100,1,95,10,No
4805,9,100,0,75,8,No
2741,8,50,1,75,7,Yes
4262,8,100,0,75,3,No
16184,10,25,0,75,6,No
11557,10,75,0,95,5,No
1878,0,50,1,75,0,Yes
10932,20,75,0,75,1,No
6811,10,25,1,75,8,No
4306,8,25,0,75,0,No
4859,5,25,0,75,5,No
5337,10,100,0,75,10,No
2340,1,75,1,75,1,Yes
7491,12,50,0,75,6,No
10527,28,25,0,75,2,No
16595,22,50,0,75,18,No
8834,9,25,0,75,9,No
5577,18,100,1,75,10,No
4707,6,100,0,75,4,Yes
2400,3,100,0,75,2,No
9824,18,75,0,75,1,No
6447,8,50,0,75,6,No
19502,31,100,1,75,31,No
2725,6,50,1,75,6,No
6272,6,25,0,95,5,No
2127,1,100,0,95,1,No
18200,32,25,0,75,32,No
2096,7,50,0,75,7,No
2886,6,25,1,75,6,Yes
2033,1,50,0,75,1,Yes
3622,6,50,1,75,6,No
4233,9,50,0,75,3,Yes
3681,9,25,0,75,3,No
5460,13,25,0,95,7,No
2187,6,25,0,75,5,No
9602,17,100,1,75,3,No
2836,1,100,0,75,1,No
4089,10,75,0,75,10,No
16627,21,50,1,75,1,No
2619,8,75,0,75,0,No
5679,10,100,1,75,8,No
15402,21,100,0,75,3,No
5985,10,25,0,75,2,No
2579,8,75,1,75,8,No
3041,5,75,0,75,4,Yes
3447,3,75,0,75,3,No
19513,26,100,1,75,2,No
2773,3,25,0,95,2,No
7104,6,75,0,75,5,No
6322,6,25,1,75,6,No
2083,1,75,0,95,1,No
8381,18,100,0,95,14,No
2691,10,50,0,75,10,No
4286,5,25,0,75,1,Yes
2659,3,75,1,75,3,No
9434,10,75,0,75,10,No
5561,6,50,0,75,6,No
6646,17,50,0,75,17,No
7725,15,75,0,95,13,No
10725,16,75,0,75,9,No
8847,13,50,1,75,3,No
2045,5,25,0,75,4,No
1009,1,100,1,75,1,Yes
3348,10,25,1,75,10,Yes
1281,1,75,0,75,1,No
2819,5,25,0,75,3,No
4851,4,100,0,95,3,No
4028,8,100,0,95,7,No
2720,10,50,0,75,10,No
8120,12,50,0,75,2,No
4647,6,100,1,95,6,No
4680,4,100,0,75,1,No
3221,20,100,1,75,20,No
8621,9,100,0,75,8,No
4577,4,25,0,75,2,Yes
4553,20,100,0,75,20,No
5396,10,100,0,75,10,No
6796,18,50,1,75,4,Yes
7625,10,50,0,75,9,No
7412,9,75,0,75,9,No
11159,10,75,0,75,7,No
4960,20,100,0,75,7,No
10475,20,100,1,95,18,No
14814,32,75,0,75,5,No
19141,23,50,0,75,21,No
5405,10,25,0,75,2,No
8793,9,100,0,95,9,No
19189,22,100,0,75,22,No
3875,4,100,0,75,2,No
2216,10,25,1,75,7,Yes
11713,10,25,0,75,8,No
7861,10,75,1,75,1,No
3708,9,25,0,75,5,No
13770,28,100,1,75,22,No
5304,10,75,0,95,8,No
2642,1,75,0,75,1,No
2759,7,75,1,75,2,Yes
6804,7,100,0,75,2,No
6142,10,50,0,75,5,No
2500,5,50,0,75,4,No
6389,12,75,0,75,8,No
11103,30,75,0,75,10,No
2342,5,100,1,95,4,No
6811,9,100,0,75,7,No
2297,2,100,0,75,2,No
2450,19,100,0,75,2,No
5093,16,100,0,75,1,No
5309,10,25,0,75,10,No
3057,6,100,1,75,1,No
5121,7,50,0,75,0,No
16856,34,75,0,75,34,No
2686,10,100,1,75,10,Yes
6180,6,75,0,95,6,No
6632,9,50,0,75,8,No
3505,2,25,0,75,2,No
6397,8,50,1,75,5,Yes
6274,6,100,0,95,6,No
19859,24,100,1,75,5,Yes
7587,10,25,0,75,10,No
4258,5,100,0,75,4,No
4364,5,25,0,75,2,No
4335,11,50,0,75,8,No
5326,6,100,0,75,4,Yes
3280,10,50,0,75,4,No
5485,9,100,1,75,5,No
4342,5,75,0,75,4,No
2782,6,100,1,75,5,No
5980,17,25,1,75,15,No
4381,6,75,0,75,6,No
2572,3,25,0,75,3,No
3833,7,100,0,95,2,No
4244,8,75,0,95,8,No
6500,6,75,0,75,3,No
18430,24,50,0,75,24,No
1601,1,75,1,95,0,Yes
2694,1,75,0,75,1,No
3149,9,100,0,95,5,No
17639,30,75,0,75,4,No
2319,1,50,1,75,1,Yes
11691,14,75,0,75,13,No
5324,6,25,0,75,3,Yes
16752,26,75,1,75,26,No
5228,10,75,0,75,9,No
2700,10,75,0,95,10,No
19246,40,100,1,75,31,Yes
2506,7,100,0,75,2,No
6062,8,100,1,75,4,No
4382,5,75,0,75,2,Yes
2143,8,75,0,75,5,No
6162,14,75,0,75,14,No
5094,10,25,0,75,1,No
6877,12,75,1,95,0,No
2274,1,50,0,75,1,No
4434,10,50,0,75,9,No
6288,13,25,0,75,4,No
2553,6,75,0,75,5,No
7654,9,75,0,75,9,Yes
5160,12,75,0,75,9,Yes
17159,22,50,0,95,4,No
12808,9,75,1,75,9,No
10221,17,75,0,95,8,No
4779,8,50,1,95,8,No
3737,4,75,0,75,3,No
2366,8,75,1,75,8,Yes
1706,0,100,0,75,0,No
16307,29,25,0,75,20,No
5933,10,100,0,75,5,No
3424,6,25,0,75,4,No
4037,9,25,0,95,9,No
2559,6,75,0,75,6,No
6201,18,50,1,75,18,No
4403,8,50,0,75,5,No
3761,10,50,0,75,5,No
10934,35,25,1,75,5,No
10761,18,100,1,75,5,No
5175,9,75,0,75,5,No
13826,31,75,0,95,9,No
6334,9,100,0,75,1,No
4936,6,50,0,75,5,No
4775,4,100,0,95,2,No
2818,10,25,1,95,3,No
2515,8,50,1,75,2,No
2342,6,25,0,95,5,No
4194,5,75,1,75,5,No
10685,17,100,1,95,17,No
2022,10,100,1,75,10,Yes
2314,4,100,0,75,3,No
4256,5,75,0,75,5,No
3580,7,75,0,75,4,No
3162,6,25,0,75,5,No
6524,10,50,0,75,10,No
2899,3,50,0,75,2,No
5231,17,75,1,75,5,No
2356,8,100,1,75,6,No
2800,5,50,1,75,3,Yes
11836,28,25,0,75,2,No
10903,16,100,0,75,13,No
2973,10,75,0,75,5,No
14275,33,100,0,75,12,No
5562,12,100,0,75,5,No
4537,8,75,1,95,7,No
7642,10,25,1,75,10,No
17924,31,25,0,75,31,No
5204,13,100,0,75,5,No
2277,7,100,1,75,4,No
2795,1,25,1,95,1,Yes
2532,8,25,0,75,4,No
2559,8,50,1,75,8,No
4908,4,25,0,75,4,No
2380,3,100,1,75,1,Yes
4765,4,25,0,95,1,No
2044,2,75,0,75,2,Yes
2693,1,100,0,75,1,Yes
6586,17,75,1,75,16,No
3294,3,100,1,75,3,No
4171,4,50,1,75,3,Yes
2778,10,50,1,75,7,Yes
2377,6,75,0,75,2,No
2404,8,100,1,95,2,Yes
2318,1,50,0,75,1,No
2008,1,50,0,75,1,No
6244,10,75,0,75,5,No
2799,6,75,1,75,3,No
10552,24,75,1,75,6,No
2329,13,50,0,75,7,No
4014,10,100,1,95,10,No
7403,29,25,0,75,26,No
2259,13,100,0,75,0,No
6932,9,100,0,75,9,No
4678,8,50,0,75,6,No
13582,15,100,0,75,15,No
2332,5,75,0,95,3,No
2413,1,75,1,75,1,Yes
9705,11,25,0,75,1,No
4294,7,75,0,75,7,No
4721,20,100,1,75,18,No
2519,16,75,0,95,11,No
2121,1,100,1,75,1,Yes
2973,1,25,0,75,1,Yes
5855,10,100,1,75,9,No
3617,3,100,1,75,1,No
6725,8,75,0,75,8,No
10325,16,75,1,75,16,Yes
6949,6,50,0,75,5,No
10609,17,25,0,75,14,Yes
4447,9,75,0,75,9,No
2157,3,75,0,75,3,No
4601,5,75,0,75,5,No
17099,26,100,0,75,9,No
2479,7,100,0,95,1,Yes
14852,22,75,0,75,17,No
7264,10,75,0,75,8,No
5666,6,75,1,75,5,No
7823,12,100,0,75,10,No
7880,9,25,0,75,8,No
13194,22,50,1,75,1,Yes
5067,20,75,1,75,19,No
5079,12,25,0,75,7,No
2321,4,75,1,95,3,Yes
17444,10,100,0,75,10,No
2404,3,100,1,95,0,Yes
3452,5,50,0,75,3,No
2270,8,100,0,75,5,No
17399,32,100,0,95,5,No
5488,6,75,1,75,6,No
19419,21,25,0,75,18,No
2811,4,75,0,75,2,No
3633,9,100,1,75,9,No
4163,9,100,1,75,9,No
2132,7,25,1,75,5,Yes
13973,22,100,1,75,12,No
2684,3,75,0,75,2,No
10845,13,100,0,75,8,No
4377,5,100,0,75,4,No
3743,5,75,1,95,4,Yes
4148,4,75,0,75,4,No
1051,0,50,0,75,0,No
10739,22,75,0,75,10,No
10388,16,75,1,75,16,No
11416,9,50,1,75,8,No
2600,1,100,1,75,1,Yes
2422,4,50,0,75,3,Yes
5472,8,100,0,75,8,No
2451,4,50,0,75,4,No
4240,19,25,0,75,2,No
10999,27,75,0,75,15,No
5003,8,100,0,75,2,No
12742,21,100,0,75,21,No
4227,4,25,0,75,3,No
3917,3,50,0,95,3,No
18303,21,100,0,75,1,No
2380,8,25,0,75,1,No
13726,30,75,1,75,5,No
4777,15,25,0,75,1,Yes
6385,17,75,1,75,8,No
19973,21,50,0,95,21,No
6861,19,50,1,75,1,No
4969,7,50,0,75,2,Yes
19845,33,25,0,75,32,Yes
13320,23,100,1,75,12,No
6347,19,100,0,75,18,No
2743,18,75,0,75,17,Yes
10880,21,100,1,75,21,No
2342,3,50,0,75,2,No
17650,26,100,0,75,9,No
4025,10,100,0,75,8,No
9725,16,50,0,75,15,No
11904,14,50,1,75,6,No
2177,6,50,0,75,6,No
7525,30,75,0,75,15,No
4834,9,25,0,75,1,Yes
2042,6,25,1,75,3,Yes
2220,1,75,1,75,1,No
1052,1,100,0,95,1,No
2821,8,75,0,75,2,No
19237,29,50,1,75,8,No
4107,8,100,0,75,4,No
8396,8,75,0,75,7,No
2007,5,25,0,75,5,No
19627,23,100,0,75,2,No
10686,13,75,0,75,9,No
2942,18,25,0,75,5,No
8858,15,100,0,75,14,No
16756,31,75,0,75,9,No
10798,18,75,0,75,1,No
2323,2,100,1,75,2,Yes
1416,1,75,0,75,1,Yes
4615,19,100,1,95,16,No
2461,18,25,1,75,10,Yes
8722,10,50,0,75,10,Yes
3955,6,25,0,75,5,No
9957,7,75,0,75,6,No
3376,10,50,0,75,10,No
8823,20,75,0,75,19,No
10322,14,25,0,95,11,No
4621,3,25,0,75,3,No
10976,23,100,0,75,3,No
3660,10,75,0,75,8,No
10482,24,50,0,75,20,Yes
7119,9,100,0,75,3,No
9582,9,100,1,95,8,Yes
4508,14,25,0,95,13,Yes
2207,4,25,0,75,4,No
7756,7,25,0,75,6,No
6694,8,100,1,75,1,No
3691,7,100,1,75,7,Yes
2377,1,25,0,95,1,Yes
2313,5,25,1,95,2,Yes
17665,23,100,0,75,22,No
2596,1,25,0,75,1,Yes
4728,5,100,1,75,0,Yes
4302,4,100,0,75,3,No
2979,6,75,0,75,0,No
16885,27,25,0,95,5,No
5593,15,50,0,75,15,No
10445,18,50,0,75,8,No
8740,9,75,1,75,8,No
2514,11,75,0,95,7,No
7655,10,100,0,75,9,No
17465,23,25,0,75,12,No
7351,10,100,0,75,1,No
10820,18,75,0,75,8,No
12169,21,25,0,75,18,Yes
19626,21,75,0,75,20,No
2070,2,100,1,75,2,No
6782,9,75,0,75,5,No
7779,18,25,0,95,11,No
2791,3,75,0,75,2,No
3201,6,25,0,75,5,No
4968,5,100,0,75,5,No
13120,22,100,0,75,9,No
4033,5,100,0,75,3,No
3291,8,100,0,75,7,No
4272,16,50,0,75,1,No
5056,10,50,1,75,10,No
2844,7,75,0,75,7,No
2703,3,75,1,75,3,No
1904,0,75,0,75,0,Yes
8224,6,25,1,75,5,Yes
4766,6,50,1,75,1,No
2610,2,75,0,75,2,Yes
5731,9,75,0,75,6,No
2539,4,100,0,75,4,No
5714,6,50,0,95,6,No
4323,6,75,0,75,5,No
7336,11,100,0,75,11,Yes
13499,20,50,0,75,18,No
13758,22,75,1,75,21,Yes
5155,9,50,0,75,6,No
2258,10,100,0,75,8,No
3597,6,100,0,95,4,No
2515,1,75,1,75,1,Yes
4420,8,25,0,95,8,No
6578,10,75,0,75,10,No
4422,16,75,1,75,1,No
10274,15,75,0,75,7,No
5343,14,100,0,95,13,No
2376,2,100,0,75,2,No
5346,7,25,0,75,4,Yes
2827,1,75,0,75,1,No
19943,28,100,0,75,5,No
3131,10,50,0,75,10,No
2552,1,75,0,95,1,No
4477,7,25,1,75,3,No
6474,14,100,0,75,14,No
3033,2,25,0,75,2,No
2936,6,75,1,75,6,Yes
18606,26,100,0,75,7,No
2168,6,50,1,75,5,No
2853,1,75,1,75,0,Yes
17048,28,75,0,95,26,No
2290,6,100,0,75,0,No
3600,5,50,0,75,5,No
2107,5,25,0,75,1,Yes
4115,8,75,0,75,4,No
4327,5,50,0,75,0,No
17856,32,100,0,95,2,No
3196,6,100,0,75,6,No
19081,25,100,0,75,4,No
8966,15,75,1,75,7,No
2210,1,100,0,75,1,Yes
4539,10,50,0,75,10,No
2741,7,75,0,75,7,No
3491,10,75,0,75,10,No
4541,20,100,0,95,20,No
2678,2,75,0,75,2,No
7379,12,100,0,75,6,No
6272,10,100,0,75,4,No
5220,12,50,1,75,11,No
2743,2,75,0,95,2,No
4998,10,100,1,75,8,No
10252,17,75,1,95,7,No
2781,15,25,0,75,14,No
6852,7,50,0,75,5,No
4950,5,75,0,75,4,No
3579,12,100,1,95,11,No
13191,20,25,1,75,1,No
10377,16,75,1,75,13,No
2235,9,25,1,75,9,No
10502,33,100,0,75,5,No
2011,10,25,0,75,10,No
1859,1,25,1,95,1,Yes
3760,3,25,0,75,3,No
17779,36,100,0,75,10,No
6833,6,75,1,75,6,No
6812,10,75,0,75,10,No
5171,13,75,0,75,6,No
19740,25,75,0,75,8,No
18711,23,25,0,75,1,No
3692,12,75,0,75,11,No
2559,7,100,0,75,1,No
2517,5,25,0,75,5,No
6623,6,75,1,75,6,No
18265,25,100,0,75,1,No
16124,9,100,0,75,7,No
2585,2,75,0,75,1,No
18213,26,50,0,75,22,No
8380,10,100,1,75,9,No
2994,1,50,1,75,1,No
1223,1,100,0,95,1,No
1118,1,75,1,75,1,Yes
2875,8,75,1,95,8,No
18824,26,25,1,75,24,Yes
13577,34,100,1,75,33,No
2625,2,25,0,95,2,Yes
18789,26,100,0,75,11,No
4538,4,75,1,75,3,No
19847,31,100,1,95,29,No
10512,25,100,0,75,9,No
4444,15,75,0,75,11,No
2154,5,100,1,75,4,No
19190,26,75,0,75,25,No
4490,14,75,0,75,10,No
3506,4,75,1,75,3,No
2372,18,50,1,75,1,No
10231,23,100,0,75,21,No
5410,18,75,1,75,16,No
7978,10,25,0,75,10,Yes
3867,2,100,1,75,2,No
2838,8,50,0,75,7,No
4695,10,75,1,75,8,No
3339,10,50,1,75,7,Yes
2080,5,100,0,75,3,No
2096,2,100,0,75,2,No
6209,10,75,0,75,10,No
18061,22,50,0,95,0,No
17123,21,75,1,75,19,No
2372,2,25,0,75,2,No
4883,10,100,0,75,10,Yes
3904,6,75,0,75,5,Yes
4627,10,25,0,75,9,No
7094,10,100,0,75,7,No
3423,10,100,0,75,7,No
6674,10,75,0,75,9,No
16880,25,100,1,75,3,No
9094,9,100,1,75,5,Yes
8446,10,50,1,75,8,Yes
11916,9,50,1,95,9,No
4534,9,25,0,75,8,No
9852,10,100,1,75,10,No
6151,19,75,0,75,19,No
2302,3,100,1,75,3,Yes
2362,10,25,0,75,3,Yes
17861,21,75,1,75,20,No
19187,23,100,0,75,19,No
19717,36,100,0,75,7,No
3544,6,75,0,75,4,No
8500,10,100,0,75,9,No
4661,9,75,0,75,9,No
4103,10,75,0,75,9,No
4249,9,75,1,75,9,No
14026,33,75,1,75,33,No
6893,11,50,0,75,7,No
6125,10,75,0,75,10,No
3669,7,100,0,75,3,No
10008,31,75,1,75,10,Yes
2387,7,50,0,95,4,No
4639,17,25,0,75,15,No
7898,11,100,0,75,10,No
2534,5,75,0,75,1,No
13142,29,100,0,75,5,No
1611,0,100,0,75,0,No
5363,10,100,0,75,9,No
5071,8,100,0,95,6,No
13695,24,25,1,75,19,Yes
13402,33,100,1,75,19,No
2029,5,25,0,95,5,No
6377,15,50,0,95,12,No
5429,10,50,0,75,8,No
2785,3,75,0,75,1,Yes
4614,5,100,1,75,4,Yes
2610,4,100,0,75,4,No
6687,14,75,0,75,14,No
4724,5,75,0,75,5,No
6179,10,100,1,75,10,Yes
6120,8,25,1,75,5,No
10596,14,50,0,75,4,No
5467,12,100,1,75,6,No
2996,8,75,1,75,6,No
9998,8,50,0,75,5,No
4078,4,75,1,75,3,No
10920,13,75,0,95,6,No
6232,6,25,0,75,3,No
13247,24,100,1,75,5,No
4081,20,25,1,75,20,No
5769,6,100,1,75,6,No
2394,8,100,1,75,8,Yes
3904,5,25,0,75,4,No
16799,21,75,0,75,20,No
2950,12,75,0,75,5,No
3629,8,25,0,75,3,No
9362,10,75,0,75,2,No
3229,7,25,0,75,3,No
3578,8,75,0,75,7,No
7988,10,50,0,75,10,No
4284,20,25,0,95,4,Yes
7553,9,75,1,75,8,Yes
17328,29,100,0,75,20,No
19701,32,100,1,95,9,No
14732,31,50,0,75,7,No
9278,15,25,1,75,5,No
1359,1,50,0,75,1,Yes
4779,8,100,0,75,3,No
16422,9,25,0,75,3,No
2996,10,100,0,75,4,No
1261,1,25,0,75,1,Yes
2099,6,50,0,75,5,No
5810,10,25,0,75,10,No
5647,11,75,0,75,3,No
3420,17,25,0,75,6,No
4400,6,25,0,75,3,Yes
3500,7,75,0,75,6,No
2066,5,25,0,95,3,No
17169,26,25,0,75,20,No
4162,5,100,1,75,5,No
9204,7,100,0,75,4,No
3294,7,100,0,75,5,No
2127,7,50,1,75,4,No
3975,11,75,0,75,8,No
10793,13,25,0,75,13,No
10096,28,25,0,75,7,Yes
3646,11,25,1,95,1,Yes
7446,10,75,0,75,10,Yes
10851,24,50,1,75,7,No
2109,8,100,0,75,3,No
3722,7,50,1,75,2,Yes
9380,10,50,1,75,3,No
5486,15,75,0,75,2,No
2742,2,25,0,75,2,Yes
13757,16,100,0,75,9,No
8463,6,100,0,75,5,No
3162,7,75,0,75,5,No
16598,35,100,0,75,9,No
6651,20,25,0,75,3,No
2345,8,75,0,75,3,No
3420,6,100,0,75,5,No
4373,5,100,0,75,4,No
4759,15,100,0,75,13,No
5301,4,100,0,75,2,No
3673,12,25,0,75,12,No
4768,11,25,0,75,1,No
1274,1,75,0,75,1,No
4900,13,50,0,95,12,No
10466,29,75,0,75,8,No
17007,16,50,0,75,14,No
2909,5,25,0,75,3,Yes
5765,7,25,0,75,5,Yes
4599,16,25,1,95,15,Yes
2404,1,100,0,75,1,No
3172,4,50,1,75,0,Yes
2033,1,100,0,75,1,No
10209,16,50,1,75,2,No
8620,10,75,0,75,10,No
2064,6,75,0,95,5,No
4035,4,100,1,75,3,No
3838,8,25,0,75,5,No
4591,11,75,1,75,5,No
2561,8,75,0,75,0,Yes
1563,1,25,0,75,1,No
4898,5,75,0,75,4,No
4789,10,75,0,95,3,No
3180,4,100,0,75,3,No
6549,8,75,0,75,8,No
6388,14,100,1,75,0,No
11244,10,75,0,95,5,No
16032,26,50,0,95,14,No
2362,11,25,0,75,9,Yes
16328,24,100,0,75,20,No
8376,9,50,0,75,2,No
16606,23,75,0,75,13,No
8606,11,100,0,75,11,No
2272,5,25,0,75,4,No
2018,15,100,0,75,5,Yes
7083,10,100,1,75,10,No
4084,7,100,0,75,7,Yes
14411,32,75,1,75,32,No
2308,12,50,1,95,11,No
4841,4,75,0,75,1,No
4285,10,25,0,75,10,No
9715,9,75,0,75,7,No
4320,5,100,0,75,5,No
2132,8,100,0,95,5,No
10124,24,100,1,75,20,No
5473,9,25,0,75,8,No
5207,15,50,1,75,15,No
16437,21,75,1,95,21,No
2296,2,75,0,75,1,No
4069,8,100,1,75,2,No
7441,10,25,0,75,10,No
2430,6,50,0,95,5,No
5878,12,100,0,75,7,No
2644,7,75,1,95,3,No
6439,18,75,0,75,8,No
2451,5,75,0,75,1,No
6392,8,25,0,75,2,No
9714,10,50,0,75,10,Yes
6077,10,75,0,75,6,No
2450,3,100,0,75,3,No
9250,9,75,0,75,4,No
2074,1,25,1,75,1,Yes
10169,34,75,0,75,33,Yes
4855,7,75,0,75,5,Yes
4087,9,100,0,75,6,No
2367,10,75,0,75,8,No
2972,1,25,0,75,1,No
19586,36,75,0,95,36,No
5484,9,50,0,75,2,No
2061,1,25,0,95,1,No
9924,10,75,0,75,9,No
4198,8,50,0,75,3,No
6815,15,50,0,75,1,No
4723,10,50,1,75,10,No
6142,10,25,1,75,5,No
8237,11,100,0,75,7,No
8853,6,25,0,75,6,No
19331,27,75,1,75,1,No
2073,4,100,0,75,2,No
5562,9,25,1,75,3,No
19613,24,100,0,95,1,No
3407,10,50,0,75,10,No
5063,8,100,0,75,8,No
4639,5,100,0,75,5,No
4876,8,100,0,75,6,No
2690,1,75,0,75,1,No
17567,27,100,0,75,26,No
2408,1,75,1,75,1,Yes
2814,4,50,1,75,4,No
11245,32,50,1,75,30,No
3312,6,50,0,75,3,No
19049,23,50,1,75,22,No
2141,6,50,0,75,6,No
5769,10,75,1,75,10,No
4385,10,25,0,75,10,No
5332,10,100,0,75,5,No
4663,7,75,1,75,3,No
4724,9,75,0,75,9,No
3211,10,75,0,75,9,No
5377,10,50,0,75,7,No
4066,7,100,0,75,7,No
5208,16,50,0,75,16,No
4877,6,50,0,95,5,No
3117,3,75,0,75,2,No
1569,0,50,1,75,0,Yes
19658,27,100,0,75,5,No
3069,11,75,0,75,10,No
10435,18,25,0,75,18,No
4148,15,75,0,75,14,No
5768,9,75,0,75,4,No
5042,10,25,0,75,9,No
5770,10,100,0,75,10,No
7756,10,100,1,75,5,No
10306,15,100,0,75,13,Yes
3936,8,50,0,75,8,No
7945,18,75,1,75,4,No
5743,14,25,1,75,10,No
15202,23,75,0,95,2,No
5440,7,25,1,75,2,Yes
3760,6,25,1,75,6,No
3517,5,50,0,75,3,No
2580,6,100,0,75,4,No
2166,10,25,1,75,4,Yes
5869,8,75,0,75,5,No
8008,9,50,0,75,3,No
5206,7,100,0,75,7,No
5295,7,100,0,95,5,No
16413,27,25,0,75,4,No
13269,19,100,0,75,14,No
2783,2,75,0,75,2,No
5433,11,100,0,75,11,No
2013,15,25,0,75,4,No
13966,30,75,1,75,15,No
4374,4,100,0,75,3,No
6842,13,100,0,95,5,No
17426,36,50,0,95,10,No
17603,14,75,0,95,14,No
4581,13,100,1,95,11,Yes
4735,19,100,0,75,13,No
4187,10,25,1,75,10,No
5505,6,100,0,75,6,No
5470,10,100,0,75,9,No
5476,10,25,0,75,10,No
2587,17,100,1,75,2,No
2440,4,100,0,95,4,No
15972,29,50,0,75,3,No
15379,23,75,0,75,8,No
7082,21,100,1,75,2,No
2728,2,100,0,75,2,No
5368,7,75,1,95,6,No
5347,10,25,0,75,3,No
3195,8,75,1,75,2,No
3989,5,100,1,75,5,Yes
3306,7,100,0,75,0,No
7005,11,50,0,75,4,No
2655,19,100,1,75,9,Yes
1393,1,100,0,75,1,Yes
2570,7,100,0,95,7,No
3537,8,25,0,75,4,No
3986,15,50,0,75,15,No
10883,19,75,0,95,1,No
2028,14,50,0,75,14,No
9525,6,75,0,75,6,No
2929,10,50,0,75,10,No
2275,3,75,1,95,3,Yes
7879,9,75,1,75,8,No
4930,6,25,1,75,5,No
7847,10,100,1,75,10,No
4401,5,75,0,75,5,No
9241,10,100,0,75,10,No
2974,9,100,0,75,5,No
4502,17,75,0,75,13,No
10748,25,75,0,95,23,No
1555,1,100,0,75,1,Yes
12936,25,75,0,75,23,Yes
2305,3,100,0,75,3,No
16704,21,100,0,75,21,No
3433,10,25,0,75,5,No
3477,6,50,0,75,5,No
6430,10,75,0,75,3,No
6516,18,50,1,75,1,No
3907,6,50,0,75,6,No
5562,19,75,0,75,10,No
6883,17,100,0,75,7,No
2862,10,50,0,75,10,No
4978,4,75,0,75,1,No
10368,13,75,1,75,10,No
6134,16,50,1,75,2,Yes
6735,10,25,0,75,0,Yes
3295,3,75,0,75,3,No
5238,9,100,0,95,5,No
6472,9,100,1,75,9,No
9610,10,100,0,75,4,No
19833,21,50,0,75,21,No
9756,9,75,0,95,5,No
4968,10,100,0,75,9,No
2145,3,25,0,75,2,No
2180,6,75,0,75,4,Yes
8346,6,25,0,75,5,No
3445,6,75,0,75,6,No
2760,2,50,0,75,2,Yes
6294,10,100,1,75,3,No
7140,12,75,0,75,7,No
2932,6,100,1,75,5,No
5147,13,100,0,75,11,No
4507,8,100,0,75,5,No
8564,11,25,1,95,0,Yes
2468,9,75,0,75,6,No
8161,10,25,0,75,1,Yes
2109,1,100,0,75,1,No
5294,10,75,0,75,7,No
2718,12,50,0,75,7,No
5811,15,50,1,75,1,No
2437,6,75,1,75,1,Yes
2766,7,50,0,95,5,No
19038,34,75,0,75,1,No
3055,11,100,0,75,9,No
2289,5,75,0,95,5,No
4001,15,100,1,75,15,No
12965,27,25,1,95,3,No
3539,10,50,0,75,9,No
6029,6,100,0,75,2,No
2679,1,50,0,75,1,Yes
3702,5,100,0,75,5,No
2398,1,75,1,75,1,Yes
5468,13,25,0,75,12,No
13116,15,25,0,75,2,No
4189,5,50,0,75,5,No
19328,24,75,1,75,2,No
8321,15,100,1,75,12,No
2342,6,75,1,75,5,Yes
4071,19,75,0,75,10,No
5813,10,75,1,75,10,Yes
3143,14,100,0,75,10,No
2044,5,75,0,75,5,No
13464,9,75,0,95,4,No
7991,6,50,0,75,2,No
3377,7,75,0,75,4,No
5538,10,50,0,75,0,No
5762,15,50,0,75,7,No
2592,13,25,0,75,11,No
5346,11,100,0,75,7,Yes
4213,10,100,0,75,10,Yes
4127,7,75,0,75,2,No
2438,7,25,0,75,3,No
6870,11,50,0,75,3,No
10447,23,75,1,75,22,No
9667,9,25,0,75,7,No
2148,6,100,1,75,5,Yes
8926,13,100,0,95,9,Yes
6513,12,75,0,75,5,No
6799,10,50,0,95,10,No
16291,37,50,0,95,16,No
2705,6,50,0,75,5,No
10333,28,75,1,75,22,No
4448,15,50,0,75,7,No
6854,14,100,0,75,7,No
9637,9,25,0,75,3,No
3591,3,75,0,95,3,No
5405,20,50,1,95,4,No
4684,5,75,0,75,5,No
15787,23,25,1,75,2,No
1514,0,50,0,75,0,No
2956,2,100,0,75,1,Yes
2335,4,25,1,75,2,Yes
5154,10,75,0,95,8,No
6962,15,100,1,95,1,No
5675,7,25,0,95,7,No
2379,6,100,1,75,5,No
3812,11,100,0,75,11,No
4648,4,100,0,75,0,No
2936,10,75,0,95,6,No
2105,7,50,0,75,2,No
8578,12,100,0,75,9,No
2706,3,75,0,75,3,No
6384,11,100,0,75,7,No
3968,8,100,0,75,0,No
9907,7,75,1,75,2,Yes
13225,25,25,0,75,19,No
3540,9,50,0,95,9,No
2804,1,100,0,75,1,No
19392,21,25,0,75,16,No
19665,29,100,0,75,22,No
2439,1,100,1,95,1,Yes
7314,14,75,0,95,8,Yes
4774,8,100,0,75,7,No
3902,7,100,0,75,2,No
2662,19,50,0,95,5,No
2856,1,50,0,75,1,No
1081,1,50,0,75,1,Yes
2472,1,100,1,95,1,Yes
5673,10,50,1,75,10,No
4197,10,50,0,75,10,No
9713,9,75,1,75,5,No
2062,11,100,0,75,3,No
4284,16,100,1,95,5,No
4788,4,100,1,75,3,No
5906,10,50,0,75,9,No
3886,10,50,0,95,10,No
16823,22,25,0,75,19,No
2933,1,50,1,75,1,No
6500,9,25,0,75,8,No
17174,24,100,0,75,22,No
5033,10,50,0,75,2,No
2307,5,100,1,95,5,Yes
2587,5,25,0,75,4,Yes
5507,12,75,0,75,4,No
4393,14,75,0,95,5,No
13348,18,75,0,75,13,No
6583,8,75,1,75,5,No
8103,9,100,1,75,4,No
3978,4,25,0,75,2,No
2544,8,75,0,75,7,No
5399,12,50,0,75,4,No
5487,10,50,0,75,10,No
6834,7,75,1,75,7,No
1091,1,75,0,75,1,Yes
5736,10,25,0,75,3,No
2226,6,50,0,75,5,No
5747,16,75,1,75,15,No
9854,6,100,1,75,2,Yes
5467,16,75,0,75,8,No
5380,6,100,0,75,0,No
5151,10,25,0,95,10,No
2133,20,100,1,75,20,No
17875,29,100,1,75,1,No
2432,8,25,1,75,4,Yes
4771,10,50,0,75,5,No
19161,28,50,0,75,5,No
5087,14,50,1,75,0,No
2863,1,25,0,75,1,Yes
5561,6,50,0,75,5,No
2144,5,75,0,75,5,No
3065,4,75,1,75,4,No
2810,5,25,0,95,5,No
9888,14,25,0,95,14,No
8628,9,100,0,75,8,No
2867,8,75,0,75,7,No
5373,6,25,0,75,5,No
6667,9,75,0,75,5,No
5003,10,100,0,95,10,No
2367,6,75,0,75,4,Yes
2858,20,25,0,75,1,No
5204,10,75,1,75,10,No
4105,7,100,0,75,7,No
9679,8,100,0,95,1,No
5617,10,25,1,75,10,Yes
10448,15,25,1,75,2,Yes
2897,9,25,0,75,4,No
5968,9,100,0,95,9,No
7510,10,25,0,75,10,No
2991,7,100,1,75,6,No
19636,35,75,1,75,10,No
1129,1,100,1,75,1,No
13341,21,50,0,75,20,No
4332,20,100,0,75,20,No
11031,13,75,0,95,11,No
4440,9,75,1,75,5,No
4617,4,50,0,75,4,No
2647,5,100,0,75,5,No
6323,10,100,0,75,10,No
5677,15,50,0,75,11,No
2187,6,75,0,75,2,No
3748,12,100,0,75,12,No
3977,7,100,1,75,2,No
8633,25,25,0,95,17,No
2008,1,50,0,75,1,No
4440,16,100,0,75,15,No
3067,3,25,0,75,2,No
5321,10,25,0,75,8,No
5410,9,100,1,75,4,No
2782,12,100,0,95,5,No
11957,14,75,0,75,13,No
2660,5,100,1,75,2,No
3375,4,100,0,75,3,No
5098,10,50,0,75,10,No
4878,10,50,1,75,9,No
2837,6,75,0,75,6,No
2406,8,25,0,75,1,No
2269,3,50,0,75,2,No
4108,18,25,0,75,7,No
13206,20,50,0,75,18,No
10422,14,75,0,75,14,No
13744,16,75,1,95,16,No
4907,6,25,1,95,5,No
3482,16,25,0,75,9,No
2436,6,50,1,75,4,No
2380,2,75,1,75,2,No
19431,21,100,0,75,6,No
1790,1,100,0,75,1,Yes
7644,10,25,0,75,9,No
5131,18,100,0,75,4,No
6306,13,75,0,95,13,No
4787,4,25,1,75,2,Yes
18880,24,25,0,75,22,No
2339,14,100,0,75,10,Yes
13570,21,25,0,95,20,No
6712,8,100,0,95,8,No
5406,15,100,0,95,15,No
8938,14,75,0,75,5,No
2439,4,100,0,75,4,No
8837,9,75,1,75,9,No
5343,10,25,0,75,10,No
6728,12,50,0,75,6,Yes
6652,8,50,0,75,6,No
4850,8,100,0,75,5,No
2809,8,75,0,75,2,No
5689,10,75,1,75,10,No
2001,20,75,0,75,5,No
2977,4,75,0,75,4,No
4025,10,100,1,75,4,No
3785,5,100,0,75,5,No
10854,20,100,1,75,3,Yes
12031,21,50,0,75,20,No
9936,10,50,0,75,9,No
2966,5,100,0,75,4,No
2571,17,75,0,75,5,No
9991,9,100,0,75,7,No
6142,6,50,1,95,6,No
5390,17,100,0,75,9,No
4404,6,50,0,75,4,No
